1|Tamara|Miljevic|t|t|Owner|21|tamaramiljevic@gmail.com
2|Andjela|Djordjevic|a|a|Guest2|21|andjela1108@gmail.com
3|Vanja|Nikolic|user3|vanja|Guide|21|vanja3@gmail.com
4|Adrian|Antonic|Adrian|adrian|Guest1|21|adrian@gmail.com
5|Marko|Rasic|mr|mr|Guest2|50|rasic129@gmailc.com
6|Aleksa|Djeric|djera|djera|Guest2|21|aleksadjeric@gmail.com
7|Mina|Jakovicljevic|mina|mina|Guest2|43|minaja@gmail.com
8|Jovan|Milenkovic|Jovan|jovan|Guest1|68|milenkovic@gmail.com
9|Pera|Peric|pera|pera|Owner|54|peraperic@gmail.com
10|Maja|Zivkovic|maja|maja|Guest1|27|maja@gmail.com
11|Aleksandra|Milinkovic|aki|aki|Guest1|56|alex@gmail.com
12|Ivana|Cvetinovic|ica|ica|Guest2|23|cvetinovic.i@gmail.com
13|Sara|Koman|sara|sara|Guest1|37|sara.koman@gmail.com
14|Milos|Bajunovic|misa|misa|Guest1|75|milosbujanovic@gmail.com
15|Sava|Miljevic|sava|sava|Guest1|52|savamiljevic@gmail.com
16|Andjela|Colovic|ac|ac|Guest2|41|a.colovic@gmail.com
17|Stefan|Djuricic|stefan|stefan|Guest1|68|stefi@gmail.com
18|Veljko|Vukotic|veljko|veljko|Guest1|45|vukooticveljko@gmail.com
19|Filip|Gogic|filip|filip|Guest1|29|filip34@gmail.com
20|Valentina|Tesic|vakica|vakica|Guest1|33|vaki@gmail.com
21|Mladen|Matic|matic|matic|Guest1|65|mladenmatic@gmail.com
22|Mladen|Djurdjevic|mladen|mladen|Guest1|51|mladen@gmail.com
23|Stefan|Jevtic|kum|kum|Guest1|48|jevtic56@gmail.com
24|Vanja|Colovic|ccc|ccc|Guest1|58|v.colovic@gmail.com
25|Jelena|Knezevic|jelena|jelena|Guest1|73|j.knezevic@gmail.com
26|Isidora|Bogetic|is|is|Guest1|30|bogetiic@gmail.com
27|Magdalena|Savatijevic|lena|lena|Guest1|22|magda@gmail.com
28|Nikola|Djordjevic|ndj|ndj|Guest1|63|nikoladj@gmail.com
29|Milica|Jankovic|mica|mica|Guest1|76|milicajankovic@gmail.com
30|Zivorad|Popovic|zika|zika|Guest1|41|zivorad@gmail.com
31|Jelana|Kostadinovic|jk|jk|Guest1|58|kostadinovic.jelena@gmail.com
32|Valerija|Rankic|valerija|valerija|Guest1|65|rankic@gmail.com
33|Vukasin|Jankovic|vuk|vuk|Guest1|52|jankovic@gmail.com
34|Marija|Nikolic|mara|mara|Guest1|27|nikolicmara@gmail.com
35|Filip|Nikolic|fica|fica|Guest1|64|fica@gmail.com
36|Nina|Batranovic|nb|nb|Guest1|39|batranovic@gmail.com
37|Luka|Vlajkovic|lv|lv|Guest1|49|vlaj@gmail.com
38|Katarina|Lausevic|kaca|kaca|Guest1|51|lausevic.k@gmail.com
39|Kristina|Lausevic|tina|tina|Guest1|27|lausevic@gmail.com
40|Jana|Miljevic|jm|jm|Guest1|32|janamiljevic@gmail.com
41|Jovana|Miljevic|joca|joca|Guest1|64|jovana.miljevic@gmail.com
42|Andjela|Jankovic|andja|andja|Guest1|38|andjela@gmail.com
43|Tanja|Djordjevic|tanja|tanja|Guest1|41|tanja@gmail.com
44|Tatjana|Cvetinovic|tatiana|tatiana|Guest1|73|tatjana@gmail.com
45|Dusan|Djukic|duci|duci|Guest1|25|duki@gmail.com
46|Jana|Maksimovic|jana|jana|Guest2|33|jana@gmail.com
47|Dara|Smiljkovic|dara|dara|Guest2|12|dara@gmail.com